{
  "by_category": [
    {
      "category": "Low (<30%)",
      "count": 1,
      "mean_minority_pct": 19.5,
      "mae": 4.0,
      "mape": 11.428571428571429,
      "bias": 11.428571428571429,
      "mean_error_pct": 11.428571428571429
    },
    {
      "category": "Medium (30-60%)",
      "count": 8,
      "mean_minority_pct": 45.375,
      "mae": 5.0,
      "mape": 12.811295131663261,
      "bias": -9.482454161312855,
      "mean_error_pct": -9.482454161312855
    },
    {
      "category": "High (>60%)",
      "count": 6,
      "mean_minority_pct": 79.80000000000001,
      "mae": 9.833333333333334,
      "mape": 33.29398637538173,
      "bias": -33.29398637538173,
      "mean_error_pct": -33.29398637538173
    }
  ],
  "equity_gap": {
    "best_group": "Low (<30%)",
    "worst_group": "High (>60%)",
    "best_group_mean": 11.4285714286,
    "worst_group_mean": -33.293986375383334,
    "gap": 44.722557803983335,
    "gap_pct": -134.3262332715135,
    "statistically_significant": true,
    "p_value": 0.01717097442981474
  }
}