{
  "by_category": [
    {
      "category": "Low (<30%)",
      "count": 1,
      "mean_minority_pct": 19.5,
      "mae": 3.0,
      "mape": 7.317073170731707,
      "bias": 7.317073170731707,
      "mean_error_pct": 7.317073170731707
    },
    {
      "category": "Medium (30-60%)",
      "count": 8,
      "mean_minority_pct": 45.375,
      "mae": 5.125,
      "mape": 13.328138720941695,
      "bias": -9.52711831277843,
      "mean_error_pct": -9.52711831277843
    },
    {
      "category": "High (>60%)",
      "count": 6,
      "mean_minority_pct": 79.80000000000001,
      "mae": 11.666666666666666,
      "mape": 35.22156837460222,
      "bias": -35.22156837460222,
      "mean_error_pct": -35.22156837460222
    }
  ],
  "equity_gap": {
    "best_group": "Low (<30%)",
    "worst_group": "High (>60%)",
    "best_group_mean": 7.3170731707,
    "worst_group_mean": -35.221568374600004,
    "gap": 42.5386415453,
    "gap_pct": -120.7744104205669,
    "statistically_significant": true,
    "p_value": 0.030590588986142003
  }
}