{
  "by_category": [
    {
      "category": "Low (<30%)",
      "count": 3,
      "mean_minority_pct": 19.066666666666666,
      "mae": 6.666666666666667,
      "mape": 14.996910147076997,
      "bias": 14.996910147076997,
      "mean_error_pct": 14.996910147076997
    },
    {
      "category": "Medium (30-60%)",
      "count": 5,
      "mean_minority_pct": 47.14,
      "mae": 3.8,
      "mape": 10.23451817000204,
      "bias": -1.7481658126819415,
      "mean_error_pct": -1.7481658126819415
    },
    {
      "category": "High (>60%)",
      "count": 7,
      "mean_minority_pct": 72.74285714285715,
      "mae": 15.571428571428571,
      "mape": 43.68714926071311,
      "bias": -43.68714926071311,
      "mean_error_pct": -43.68714926071311
    }
  ],
  "equity_gap": {
    "best_group": "Low (<30%)",
    "worst_group": "High (>60%)",
    "best_group_mean": 14.996910147066666,
    "worst_group_mean": -43.6871492607,
    "gap": 58.68405940776666,
    "gap_pct": -134.32796692128767,
    "statistically_significant": true,
    "p_value": 2.8821030193751056e-07
  }
}