{
  "by_category": [
    {
      "category": "Low (<30%)",
      "count": 3,
      "mean_minority_pct": 19.066666666666666,
      "mae": 5.0,
      "mape": 14.55328798185941,
      "bias": 14.55328798185941,
      "mean_error_pct": 14.55328798185941
    },
    {
      "category": "Medium (30-60%)",
      "count": 5,
      "mean_minority_pct": 47.14,
      "mae": 2.6,
      "mape": 7.991285403050108,
      "bias": -2.379084967320261,
      "mean_error_pct": -2.379084967320261
    },
    {
      "category": "High (>60%)",
      "count": 7,
      "mean_minority_pct": 72.74285714285715,
      "mae": 15.142857142857142,
      "mape": 42.06445574478274,
      "bias": -42.06445574478274,
      "mean_error_pct": -42.06445574478274
    }
  ],
  "equity_gap": {
    "best_group": "Low (<30%)",
    "worst_group": "High (>60%)",
    "best_group_mean": 14.553287981833334,
    "worst_group_mean": -42.06445574478572,
    "gap": 56.617743726619054,
    "gap_pct": -134.5975901129717,
    "statistically_significant": true,
    "p_value": 4.06270246219081e-07
  }
}