{
  "by_category": [
    {
      "category": "Low (<30%)",
      "count": 3,
      "mean_minority_pct": 19.066666666666666,
      "mae": 5.0,
      "mape": 11.486590038314176,
      "bias": 11.486590038314176,
      "mean_error_pct": 11.486590038314176
    },
    {
      "category": "Medium (30-60%)",
      "count": 5,
      "mean_minority_pct": 47.14,
      "mae": 3.4,
      "mape": 9.088043033959549,
      "bias": -5.056101110184595,
      "mean_error_pct": -5.056101110184595
    },
    {
      "category": "High (>60%)",
      "count": 7,
      "mean_minority_pct": 72.74285714285715,
      "mae": 12.857142857142858,
      "mape": 40.04755996691481,
      "bias": -40.04755996691481,
      "mean_error_pct": -40.04755996691481
    }
  ],
  "equity_gap": {
    "best_group": "Low (<30%)",
    "worst_group": "High (>60%)",
    "best_group_mean": 11.486590038333333,
    "worst_group_mean": -40.047559966914285,
    "gap": 51.53415000524762,
    "gap_pct": -128.68237177951193,
    "statistically_significant": true,
    "p_value": 3.0624395983667144e-07
  }
}