{
  "by_category": [
    {
      "category": "Low (<30%)",
      "count": 3,
      "mean_minority_pct": 19.066666666666666,
      "mae": 5.333333333333333,
      "mape": 13.983843537414964,
      "bias": 13.983843537414964,
      "mean_error_pct": 13.983843537414964
    },
    {
      "category": "Medium (30-60%)",
      "count": 5,
      "mean_minority_pct": 47.14,
      "mae": 2.2,
      "mape": 7.424007444168734,
      "bias": -3.0567617866004957,
      "mean_error_pct": -3.0567617866004957
    },
    {
      "category": "High (>60%)",
      "count": 7,
      "mean_minority_pct": 72.74285714285715,
      "mae": 14.714285714285714,
      "mape": 41.45178791559564,
      "bias": -41.45178791559564,
      "mean_error_pct": -41.45178791559564
    }
  ],
  "equity_gap": {
    "best_group": "Low (<30%)",
    "worst_group": "High (>60%)",
    "best_group_mean": 13.9838435374,
    "worst_group_mean": -41.45178791558572,
    "gap": 55.43563145298572,
    "gap_pct": -133.73519995296058,
    "statistically_significant": true,
    "p_value": 1.016452875889906e-09
  }
}