{
  "by_category": [
    {
      "category": "Low (<30%)",
      "count": 3,
      "mean_minority_pct": 19.066666666666666,
      "mae": 3.6666666666666665,
      "mape": 10.819560979744045,
      "bias": 10.819560979744045,
      "mean_error_pct": 10.819560979744045
    },
    {
      "category": "Medium (30-60%)",
      "count": 5,
      "mean_minority_pct": 47.14,
      "mae": 2.8,
      "mape": 8.048308013825256,
      "bias": -4.407282372799615,
      "mean_error_pct": -4.407282372799615
    },
    {
      "category": "High (>60%)",
      "count": 7,
      "mean_minority_pct": 72.74285714285715,
      "mae": 13.714285714285714,
      "mape": 40.77773034539951,
      "bias": -40.77773034539951,
      "mean_error_pct": -40.77773034539951
    }
  ],
  "equity_gap": {
    "best_group": "Low (<30%)",
    "worst_group": "High (>60%)",
    "best_group_mean": 10.819560979766669,
    "worst_group_mean": -40.77773034538571,
    "gap": 51.59729132515238,
    "gap_pct": -126.5330141921226,
    "statistically_significant": true,
    "p_value": 6.319027819106203e-09
  }
}