{
  "by_category": [
    {
      "category": "Low (<30%)",
      "count": 1,
      "mean_minority_pct": 19.5,
      "mae": 3.0,
      "mape": 6.8181818181818175,
      "bias": 6.8181818181818175,
      "mean_error_pct": 6.8181818181818175
    },
    {
      "category": "Medium (30-60%)",
      "count": 8,
      "mean_minority_pct": 45.375,
      "mae": 5.5,
      "mape": 13.428284987269073,
      "bias": -7.397806032261814,
      "mean_error_pct": -7.397806032261814
    },
    {
      "category": "High (>60%)",
      "count": 6,
      "mean_minority_pct": 79.80000000000001,
      "mae": 9.166666666666666,
      "mape": 32.55412320349611,
      "bias": -32.55412320349611,
      "mean_error_pct": -32.55412320349611
    }
  ],
  "equity_gap": {
    "best_group": "Low (<30%)",
    "worst_group": "High (>60%)",
    "best_group_mean": 6.8181818182,
    "worst_group_mean": -32.554123203500005,
    "gap": 39.37230502170001,
    "gap_pct": -120.94414208479421,
    "statistically_significant": true,
    "p_value": 0.027953335580983223
  }
}