{
  "by_category": [
    {
      "category": "Low (<30%)",
      "count": 3,
      "mean_minority_pct": 19.066666666666666,
      "mae": 3.3333333333333335,
      "mape": 6.264367816091954,
      "bias": 6.264367816091954,
      "mean_error_pct": 6.264367816091954
    },
    {
      "category": "Medium (30-60%)",
      "count": 5,
      "mean_minority_pct": 47.14,
      "mae": 3.0,
      "mape": 8.114465336476721,
      "bias": -1.8066816169282958,
      "mean_error_pct": -1.8066816169282958
    },
    {
      "category": "High (>60%)",
      "count": 7,
      "mean_minority_pct": 72.74285714285715,
      "mae": 13.428571428571429,
      "mape": 42.831624368554934,
      "bias": -42.831624368554934,
      "mean_error_pct": -42.831624368554934
    }
  ],
  "equity_gap": {
    "best_group": "Low (<30%)",
    "worst_group": "High (>60%)",
    "best_group_mean": 6.264367816100001,
    "worst_group_mean": -42.83162436854286,
    "gap": 49.09599218464286,
    "gap_pct": -114.62556675926767,
    "statistically_significant": true,
    "p_value": 2.962692970383445e-07
  }
}