{
  "ai_allocation": {
    "by_quintile": {
      "Q1 (Poorest)": 100000,
      "Q2": 250000,
      "Q3": 550000,
      "Q4": 1900000,
      "Q5 (Richest)": 2200000
    },
    "per_capita": {
      "Q1 (Poorest)": 1.756358016017985,
      "Q2": 4.275550690928991,
      "Q3": 8.887021716649432,
      "Q4": 28.981528089202094,
      "Q5 (Richest)": 26.74902122899594
    },
    "disparate_impact_ratio": 0.06566064608427963,
    "gini_coefficient": 0.21542857142857152
  },
  "need_based_allocation": {
    "by_quintile": {
      "Q1 (Poorest)": 750000,
      "Q2": 1500000,
      "Q3": 850000,
      "Q4": 1675000,
      "Q5 (Richest)": 200000
    },
    "per_capita": {
      "Q1 (Poorest)": 13.172685120134888,
      "Q2": 25.65330414557395,
      "Q3": 13.73448810754912,
      "Q4": 25.549505026007107,
      "Q5 (Richest)": 2.4317292026359945
    },
    "disparate_impact_ratio": 5.41700330195307,
    "gini_coefficient": 0.08165829145728631
  },
  "comparison": {
    "equity_gap": 5.35134265586879,
    "gini_improvement": -0.1337702799712852
  }
}