{
  "overall": {
    "confusion_matrix": [
      [
        31,
        11
      ],
      [
        5,
        20
      ]
    ],
    "precision": 0.6451612903225806,
    "recall": 0.8,
    "f1_score": 0.7142857142857142,
    "accuracy": 0.7611940298507462
  },
  "by_quintile": {
    "Q1 (Poorest)": {
      "confusion_matrix": [
        [
          3,
          4
        ],
        [
          2,
          5
        ]
      ],
      "precision": 0.5555555555555556,
      "recall": 0.7142857142857143,
      "f1_score": 0.6250000000000001,
      "accuracy": 0.5714285714285714,
      "count": 14
    },
    "Q2": {
      "confusion_matrix": [
        [
          4,
          5
        ],
        [
          1,
          3
        ]
      ],
      "precision": 0.375,
      "recall": 0.75,
      "f1_score": 0.5,
      "accuracy": 0.5384615384615384,
      "count": 13
    },
    "Q3": {
      "confusion_matrix": [
        [
          6,
          1
        ],
        [
          2,
          5
        ]
      ],
      "precision": 0.8333333333333334,
      "recall": 0.7142857142857143,
      "f1_score": 0.7692307692307692,
      "accuracy": 0.7857142857142857,
      "count": 14
    },
    "Q4": {
      "confusion_matrix": [
        [
          2,
          7
        ],
        [
          0,
          4
        ]
      ],
      "precision": 0.36363636363636365,
      "recall": 1.0,
      "f1_score": 0.5333333333333333,
      "accuracy": 0.46153846153846156,
      "count": 13
    },
    "Q5 (Richest)": {
      "confusion_matrix": [
        [
          7,
          0
        ],
        [
          3,
          3
        ]
      ],
      "precision": 1.0,
      "recall": 0.5,
      "f1_score": 0.6666666666666666,
      "accuracy": 0.7692307692307693,
      "count": 13
    }
  }
}