{
  "by_category": [
    {
      "category": "Low (<30%)",
      "count": 1,
      "mean_minority_pct": 19.5,
      "mae": 10.0,
      "mape": 22.22222222222222,
      "bias": 22.22222222222222,
      "mean_error_pct": 22.22222222222222
    },
    {
      "category": "Medium (30-60%)",
      "count": 8,
      "mean_minority_pct": 45.375,
      "mae": 6.0,
      "mape": 15.208578674258074,
      "bias": -12.11334057901998,
      "mean_error_pct": -12.11334057901998
    },
    {
      "category": "High (>60%)",
      "count": 6,
      "mean_minority_pct": 79.80000000000001,
      "mae": 10.166666666666666,
      "mape": 33.97510991877189,
      "bias": -33.97510991877189,
      "mean_error_pct": -33.97510991877189
    }
  ],
  "equity_gap": {
    "best_group": "Low (<30%)",
    "worst_group": "High (>60%)",
    "best_group_mean": 22.2222222222,
    "worst_group_mean": -33.97510991876667,
    "gap": 56.197332140966665,
    "gap_pct": -165.40735931490016,
    "statistically_significant": true,
    "p_value": 0.023580748849471787
  }
}