{
  "by_category": [
    {
      "category": "Low (<30%)",
      "count": 1,
      "mean_minority_pct": 19.5,
      "mae": 6.0,
      "mape": 18.181818181818183,
      "bias": 18.181818181818183,
      "mean_error_pct": 18.181818181818183
    },
    {
      "category": "Medium (30-60%)",
      "count": 8,
      "mean_minority_pct": 45.375,
      "mae": 5.0,
      "mape": 12.274262327222665,
      "bias": -8.637898690859029,
      "mean_error_pct": -8.637898690859029
    },
    {
      "category": "High (>60%)",
      "count": 6,
      "mean_minority_pct": 79.80000000000001,
      "mae": 10.333333333333334,
      "mape": 33.8974539290995,
      "bias": -33.8974539290995,
      "mean_error_pct": -33.8974539290995
    }
  ],
  "equity_gap": {
    "best_group": "Low (<30%)",
    "worst_group": "High (>60%)",
    "best_group_mean": 18.1818181818,
    "worst_group_mean": -33.8974539291,
    "gap": 52.07927211090001,
    "gap_pct": -153.63771043049175,
    "statistically_significant": true,
    "p_value": 0.012194109270843283
  }
}