{
  "by_category": [
    {
      "category": "Low (<30%)",
      "count": 1,
      "mean_minority_pct": 19.5,
      "mae": 3.0,
      "mape": 8.333333333333332,
      "bias": 8.333333333333332,
      "mean_error_pct": 8.333333333333332
    },
    {
      "category": "Medium (30-60%)",
      "count": 8,
      "mean_minority_pct": 45.375,
      "mae": 5.25,
      "mape": 12.908722513420564,
      "bias": -9.206900142243352,
      "mean_error_pct": -9.206900142243352
    },
    {
      "category": "High (>60%)",
      "count": 6,
      "mean_minority_pct": 79.80000000000001,
      "mae": 10.5,
      "mape": 33.922340300438016,
      "bias": -33.922340300438016,
      "mean_error_pct": -33.922340300438016
    }
  ],
  "equity_gap": {
    "best_group": "Low (<30%)",
    "worst_group": "High (>60%)",
    "best_group_mean": 8.3333333333,
    "worst_group_mean": -33.92234030043333,
    "gap": 42.25567363373334,
    "gap_pct": -124.5659151446976,
    "statistically_significant": true,
    "p_value": 0.024924966433097787
  }
}