{
  "by_category": [
    {
      "category": "Low (<30%)",
      "count": 1,
      "mean_minority_pct": 19.5,
      "mae": 5.0,
      "mape": 15.625,
      "bias": 15.625,
      "mean_error_pct": 15.625
    },
    {
      "category": "Medium (30-60%)",
      "count": 8,
      "mean_minority_pct": 45.375,
      "mae": 5.125,
      "mape": 12.605671524736547,
      "bias": -9.78821120727623,
      "mean_error_pct": -9.78821120727623
    },
    {
      "category": "High (>60%)",
      "count": 6,
      "mean_minority_pct": 79.80000000000001,
      "mae": 10.333333333333334,
      "mape": 33.36258580867313,
      "bias": -33.36258580867313,
      "mean_error_pct": -33.36258580867313
    }
  ],
  "equity_gap": {
    "best_group": "Low (<30%)",
    "worst_group": "High (>60%)",
    "best_group_mean": 15.625,
    "worst_group_mean": -33.362585808666665,
    "gap": 48.987585808666665,
    "gap_pct": -146.83389977506198,
    "statistically_significant": true,
    "p_value": 0.01341767999325729
  }
}