{
  "by_category": [
    {
      "category": "Low (<30%)",
      "count": 7,
      "mean_minority_pct": 25.97142857142857,
      "mae": 3.5714285714285716,
      "mape": 9.79409307582682,
      "bias": 9.79409307582682,
      "mean_error_pct": 9.79409307582682
    },
    {
      "category": "Medium (30-60%)",
      "count": 30,
      "mean_minority_pct": 42.533333333333346,
      "mae": 5.466666666666667,
      "mape": 8.251423259322864,
      "bias": 4.827073377526177,
      "mean_error_pct": 4.827073377526177
    },
    {
      "category": "High (>60%)",
      "count": 15,
      "mean_minority_pct": 66.67999999999998,
      "mae": 14.6,
      "mape": 33.13854466652881,
      "bias": -33.13854466652881,
      "mean_error_pct": -33.13854466652881
    }
  ],
  "equity_gap": {
    "best_group": "Low (<30%)",
    "worst_group": "High (>60%)",
    "best_group_mean": 9.79409307582857,
    "worst_group_mean": -33.13854466652,
    "gap": 42.93263774234857,
    "gap_pct": -129.55498853190008,
    "statistically_significant": true,
    "p_value": 3.397425079457797e-12
  }
}