{
  "by_category": [
    {
      "category": "Low (<30%)",
      "count": 7,
      "mean_minority_pct": 25.97142857142857,
      "mae": 7.428571428571429,
      "mape": 19.635798983625072,
      "bias": 19.635798983625072,
      "mean_error_pct": 19.635798983625072
    },
    {
      "category": "Medium (30-60%)",
      "count": 30,
      "mean_minority_pct": 42.533333333333346,
      "mae": 4.466666666666667,
      "mape": 7.168074959335649,
      "bias": 4.685199481651603,
      "mean_error_pct": 4.685199481651603
    },
    {
      "category": "High (>60%)",
      "count": 15,
      "mean_minority_pct": 66.67999999999998,
      "mae": 16.6,
      "mape": 34.76580865942568,
      "bias": -34.76580865942568,
      "mean_error_pct": -34.76580865942568
    }
  ],
  "equity_gap": {
    "best_group": "Low (<30%)",
    "worst_group": "High (>60%)",
    "best_group_mean": 19.635798983628572,
    "worst_group_mean": -34.76580865942,
    "gap": 54.40160764304858,
    "gap_pct": -156.4802020743681,
    "statistically_significant": true,
    "p_value": 6.378201727664123e-12
  }
}