{
  "ai_allocation": {
    "by_quintile": {
      "Q1 (Poorest)": 1850000,
      "Q2": 1550000,
      "Q3": 2000000,
      "Q4": 14350000,
      "Q5 (Richest)": 7000000
    },
    "per_capita": {
      "Q1 (Poorest)": 8.346718160654023,
      "Q2": 6.6158738288836245,
      "Q3": 7.097307636348152,
      "Q4": 46.99278898109154,
      "Q5 (Richest)": 28.33595103547661
    },
    "disparate_impact_ratio": 0.29456283821933243,
    "gini_coefficient": 0.30214500391123544
  },
  "need_based_allocation": {
    "by_quintile": {
      "Q1 (Poorest)": 600000,
      "Q2": 0,
      "Q3": 0,
      "Q4": 6000000,
      "Q5 (Richest)": 17600000
    },
    "per_capita": {
      "Q1 (Poorest)": 2.707043727779683,
      "Q2": 0.0,
      "Q3": 0.0,
      "Q4": 19.648552884080086,
      "Q5 (Richest)": 71.24467688919833
    },
    "disparate_impact_ratio": 0.03799643490544215,
    "gini_coefficient": 0.0
  },
  "comparison": {
    "equity_gap": -0.2565664033138903,
    "gini_improvement": -0.30214500391123544
  }
}