{
  "summary": {
    "total_potential_demand": 127366,
    "total_actual_demand": 102694,
    "total_suppressed_demand": 24671,
    "suppression_rate": 19.370768515253236,
    "tracts_analyzed": 238,
    "high_suppression_tracts": 3,
    "naive_ai_correlation": 0.9636767237712583,
    "sophisticated_ai_correlation": 0.9924559853791189
  },
  "by_quintile": {
    "Q1 (Poorest)": {
      "potential_demand": 463.28138611729963,
      "actual_demand": 354.76487845427835,
      "suppressed_demand": 108.5165076630213,
      "suppression_pct": 25.23149047907399,
      "infrastructure_score": 0.8518898919935055
    },
    "Q2": {
      "potential_demand": 498.3718975621065,
      "actual_demand": 412.5361087534908,
      "suppressed_demand": 85.8357888086157,
      "suppression_pct": 18.145730020547923,
      "infrastructure_score": 0.9039483717975578
    },
    "Q3": {
      "potential_demand": 549.9942269984131,
      "actual_demand": 451.9368595431138,
      "suppressed_demand": 98.05736745529934,
      "suppression_pct": 17.793177758372593,
      "infrastructure_score": 0.9056708350702408
    },
    "Q4": {
      "potential_demand": 586.4339545867567,
      "actual_demand": 479.05442402500586,
      "suppressed_demand": 107.37953056175097,
      "suppression_pct": 18.65666444007804,
      "infrastructure_score": 0.9009982308382148
    },
    "Q5 (Richest)": {
      "potential_demand": 579.3552769076692,
      "actual_demand": 459.66667554496667,
      "suppressed_demand": 119.68860136270253,
      "suppression_pct": 20.349931099033824,
      "infrastructure_score": 0.8914999471985409
    }
  },
  "findings": [
    "19.4% of potential active transportation demand is suppressed by poor infrastructure",
    "Q1 (poorest) areas have 25.2% suppression vs 20.3% in Q5",
    "Naive AI has only 0.96 correlation with potential demand (fails to detect suppressed demand)",
    "Sophisticated AI achieves 0.99 correlation but still undercounts by 16.5% in Q1",
    "Standard AI tools (Strava Metro) perpetuate inequity by measuring observed demand instead of potential need"
  ]
}