{
  "Q1 (Poorest)": {
    "stage1_potential": 100.0,
    "stage2_destinations": 80.70443752946723,
    "stage3_would_use_if_safe": 56.05665629420085,
    "stage4_actually_use": 16.451138824830323,
    "total_suppression_pct": 83.54886117516968
  },
  "Q2": {
    "stage1_potential": 100.0,
    "stage2_destinations": 81.69177557755776,
    "stage3_would_use_if_safe": 57.53766336633663,
    "stage4_actually_use": 17.181804581106537,
    "total_suppression_pct": 82.81819541889345
  },
  "Q3": {
    "stage1_potential": 100.0,
    "stage2_destinations": 82.53208225437929,
    "stage3_would_use_if_safe": 58.79812338156892,
    "stage4_actually_use": 19.772747514461233,
    "total_suppression_pct": 80.22725248553877
  },
  "Q4": {
    "stage1_potential": 100.0,
    "stage2_destinations": 83.1357969027672,
    "stage3_would_use_if_safe": 59.703695354150796,
    "stage4_actually_use": 20.57164444317661,
    "total_suppression_pct": 79.42835555682339
  },
  "Q5 (Richest)": {
    "stage1_potential": 100.0,
    "stage2_destinations": 85.3799302215936,
    "stage3_would_use_if_safe": 63.06989533239038,
    "stage4_actually_use": 20.59668224895661,
    "total_suppression_pct": 79.40331775104339
  },
  "overall": {
    "stage1_potential": 100.0,
    "stage2_destinations": 82.7,
    "stage3_would_use_if_safe": 59.0,
    "stage4_actually_use": 19.070288672676796,
    "total_suppression_pct": 80.9297113273232
  }
}