{
  "overall": {
    "fpr": [
      0.0,
      0.0,
      0.0,
      0.0,
      0.0,
      0.0,
      0.0,
      0.0,
      0.0,
      0.0,
      0.0,
      0.0,
      0.0,
      0.0,
      0.0,
      0.0,
      0.0,
      0.0,
      0.0,
      0.058333333333333334,
      0.058333333333333334,
      0.08333333333333333,
      0.08333333333333333,
      0.11666666666666667,
      0.14166666666666666,
      0.14166666666666666,
      0.175,
      0.175,
      0.175,
      0.2,
      0.2,
      0.23333333333333334,
      0.2833333333333333,
      0.35833333333333334,
      0.4,
      0.43333333333333335,
      0.48333333333333334,
      0.5166666666666667,
      0.5416666666666666,
      0.5583333333333333,
      0.5666666666666667,
      0.6,
      0.675,
      0.7083333333333334,
      0.7583333333333333,
      0.775,
      0.825,
      0.9083333333333333,
      0.9166666666666666,
      0.9333333333333333,
      0.9583333333333334,
      0.975,
      0.9833333333333333,
      1.0
    ],
    "tpr": [
      0.0,
      0.03389830508474576,
      0.09322033898305085,
      0.16101694915254236,
      0.2033898305084746,
      0.2542372881355932,
      0.3135593220338983,
      0.3644067796610169,
      0.3898305084745763,
      0.3983050847457627,
      0.4661016949152542,
      0.4830508474576271,
      0.5084745762711864,
      0.5508474576271186,
      0.6186440677966102,
      0.6440677966101694,
      0.6610169491525424,
      0.6949152542372882,
      0.7372881355932204,
      0.7372881355932204,
      0.8135593220338984,
      0.8135593220338984,
      0.847457627118644,
      0.847457627118644,
      0.847457627118644,
      0.8898305084745762,
      0.8898305084745762,
      0.940677966101695,
      0.9661016949152542,
      0.9661016949152542,
      1.0,
      1.0,
      1.0,
      1.0,
      1.0,
      1.0,
      1.0,
      1.0,
      1.0,
      1.0,
      1.0,
      1.0,
      1.0,
      1.0,
      1.0,
      1.0,
      1.0,
      1.0,
      1.0,
      1.0,
      1.0,
      1.0,
      1.0,
      1.0
    ],
    "auc": 0.9665960451977401
  },
  "by_quintile": {
    "Q1 (Poorest)": {
      "fpr": [
        0.0,
        0.0,
        0.0,
        0.17073170731707318,
        0.17073170731707318,
        0.2926829268292683,
        0.36585365853658536,
        0.3902439024390244,
        0.5853658536585366,
        0.7317073170731707,
        0.926829268292683,
        0.9512195121951219,
        1.0
      ],
      "tpr": [
        0.0,
        0.125,
        0.625,
        0.625,
        1.0,
        1.0,
        1.0,
        1.0,
        1.0,
        1.0,
        1.0,
        1.0,
        1.0
      ],
      "auc": 0.9359756097560975
    },
    "Q2": {
      "fpr": [
        0.0,
        0.0,
        0.0,
        0.09375,
        0.09375,
        0.21875,
        0.21875,
        0.3125,
        0.5625,
        0.75,
        0.8125,
        0.84375,
        0.90625,
        1.0
      ],
      "tpr": [
        0.0,
        0.3684210526315789,
        0.631578947368421,
        0.631578947368421,
        0.8421052631578947,
        0.8421052631578947,
        1.0,
        1.0,
        1.0,
        1.0,
        1.0,
        1.0,
        1.0,
        1.0
      ],
      "auc": 0.9457236842105263
    },
    "Q3": {
      "fpr": [
        0.0,
        0.0,
        0.0,
        0.0,
        0.0,
        0.0,
        0.0,
        0.46153846153846156,
        0.6153846153846154,
        0.8461538461538461,
        1.0
      ],
      "tpr": [
        0.0,
        0.15625,
        0.53125,
        0.625,
        0.78125,
        0.90625,
        1.0,
        1.0,
        1.0,
        1.0,
        1.0
      ],
      "auc": 1.0
    },
    "Q4": {
      "fpr": [
        0.0,
        0.0,
        0.0,
        0.0,
        0.0,
        0.0,
        0.3076923076923077,
        0.3076923076923077,
        0.3076923076923077,
        1.0
      ],
      "tpr": [
        0.0,
        0.21052631578947367,
        0.39473684210526316,
        0.5526315789473685,
        0.6052631578947368,
        0.7368421052631579,
        0.7368421052631579,
        0.8947368421052632,
        1.0,
        1.0
      ],
      "auc": 0.9190283400809717
    },
    "Q5 (Richest)": {
      "fpr": [
        0.0,
        0.0,
        0.0,
        0.0,
        0.0,
        0.0,
        0.14285714285714285,
        0.3333333333333333,
        0.6190476190476191,
        0.9047619047619048,
        1.0
      ],
      "tpr": [
        0.0,
        0.19047619047619047,
        0.5714285714285714,
        0.6666666666666666,
        0.8571428571428571,
        1.0,
        1.0,
        1.0,
        1.0,
        1.0,
        1.0
      ],
      "auc": 1.0
    }
  }
}