{
  "_provenance": {
    "data_type": "mixed",
    "real": [
      "infrastructure scores (OpenStreetMap)"
    ],
    "simulated": [
      "potential demand",
      "actual demand",
      "AI detection models"
    ],
    "parameters": {
      "high_suppression_threshold": 70
    }
  },
  "summary": {
    "total_potential_demand": 44314,
    "total_actual_demand": 1185,
    "total_suppressed_demand": 43129,
    "suppression_rate": 97.32573079350963,
    "tracts_analyzed": 67,
    "high_suppression_tracts": 66,
    "naive_ai_correlation": -0.2824734298166342,
    "sophisticated_ai_correlation": 0.8924954242937629
  },
  "high_suppression_threshold": 70,
  "by_quintile": {
    "Q1 (Poorest)": {
      "potential_demand": 508.4803101413645,
      "actual_demand": 16.91538399740866,
      "suppressed_demand": 491.56492614395574,
      "suppression_pct": 96.237657064121,
      "infrastructure_score": 0.1769678296141349
    },
    "Q2": {
      "potential_demand": 684.1919055927922,
      "actual_demand": 16.820731829835136,
      "suppressed_demand": 667.371173762957,
      "suppression_pct": 96.20564072944185,
      "infrastructure_score": 0.17075182772714795
    },
    "Q3": {
      "potential_demand": 701.4158491213869,
      "actual_demand": 15.558910533011215,
      "suppressed_demand": 685.8569385883758,
      "suppression_pct": 96.38110893308132,
      "infrastructure_score": 0.14475102135348797
    },
    "Q4": {
      "potential_demand": 750.2569480959572,
      "actual_demand": 13.827588704172241,
      "suppressed_demand": 736.429359391785,
      "suppression_pct": 97.65693574113763,
      "infrastructure_score": 0.12668625615836043
    },
    "Q5 (Richest)": {
      "potential_demand": 673.5568053961617,
      "actual_demand": 24.827615781476727,
      "suppressed_demand": 648.7291896146851,
      "suppression_pct": 93.93892436447807,
      "infrastructure_score": 0.1586475653704667
    }
  },
  "findings": [
    "97.3% of potential active transportation demand is suppressed by poor infrastructure",
    "Q1 (poorest) areas have 96.2% suppression vs 93.9% in Q5",
    "Naive AI has only -0.28 correlation with potential demand (fails to detect suppressed demand)",
    "Sophisticated AI achieves 0.89 correlation but still undercounts by 54.7% in Q1",
    "Standard AI tools (Strava Metro) perpetuate inequity by measuring observed demand instead of potential need"
  ]
}