{
  "naive_ai": {
    "correlation_with_potential": -0.2824562701027379,
    "rmse": 708.9760787150068,
    "bias_q1": -96.6733453272348,
    "bias_q5": -96.31395368845334,
    "detection_rate_high_suppression": 0.0
  },
  "sophisticated_ai": {
    "correlation_with_potential": 0.8925168995303209,
    "rmse": 405.8874665569979,
    "bias_q1": -54.74879523111572,
    "bias_q5": -48.56116720306918,
    "detection_rate_high_suppression": 100.0
  },
  "human_expert_baseline": {
    "correlation_with_potential": 0.85,
    "rmse": 60.0,
    "bias_q1": -5.0,
    "bias_q5": -5.0,
    "detection_rate_high_suppression": 80.0
  }
}