{
  "overall": {
    "confusion_matrix": [
      [
        99,
        21
      ],
      [
        4,
        114
      ]
    ],
    "precision": 0.8444444444444444,
    "recall": 0.9661016949152542,
    "f1_score": 0.9011857707509882,
    "accuracy": 0.8949579831932774
  },
  "by_quintile": {
    "Q1 (Poorest)": {
      "confusion_matrix": [
        [
          34,
          7
        ],
        [
          0,
          8
        ]
      ],
      "precision": 0.5333333333333333,
      "recall": 1.0,
      "f1_score": 0.6956521739130435,
      "accuracy": 0.8571428571428571,
      "count": 49
    },
    "Q2": {
      "confusion_matrix": [
        [
          25,
          7
        ],
        [
          0,
          19
        ]
      ],
      "precision": 0.7307692307692307,
      "recall": 1.0,
      "f1_score": 0.8444444444444444,
      "accuracy": 0.8627450980392157,
      "count": 51
    },
    "Q3": {
      "confusion_matrix": [
        [
          10,
          3
        ],
        [
          0,
          32
        ]
      ],
      "precision": 0.9142857142857143,
      "recall": 1.0,
      "f1_score": 0.9552238805970149,
      "accuracy": 0.9333333333333333,
      "count": 45
    },
    "Q4": {
      "confusion_matrix": [
        [
          9,
          4
        ],
        [
          4,
          34
        ]
      ],
      "precision": 0.8947368421052632,
      "recall": 0.8947368421052632,
      "f1_score": 0.8947368421052632,
      "accuracy": 0.8431372549019608,
      "count": 51
    },
    "Q5 (Richest)": {
      "confusion_matrix": [
        [
          21,
          0
        ],
        [
          0,
          21
        ]
      ],
      "precision": 1.0,
      "recall": 1.0,
      "f1_score": 1.0,
      "accuracy": 1.0,
      "count": 42
    }
  }
}