{
  "overall": {
    "confusion_matrix": [
      [
        16,
        20
      ],
      [
        1,
        30
      ]
    ],
    "precision": 0.6,
    "recall": 0.967741935483871,
    "f1_score": 0.7407407407407407,
    "accuracy": 0.6865671641791045
  },
  "by_quintile": {
    "Q1 (Poorest)": {
      "confusion_matrix": [
        [
          7,
          0
        ],
        [
          5,
          2
        ]
      ],
      "precision": 1.0,
      "recall": 0.2857142857142857,
      "f1_score": 0.4444444444444444,
      "accuracy": 0.6428571428571429,
      "count": 14
    },
    "Q2": {
      "confusion_matrix": [
        [
          6,
          1
        ],
        [
          2,
          4
        ]
      ],
      "precision": 0.8,
      "recall": 0.6666666666666666,
      "f1_score": 0.7272727272727273,
      "accuracy": 0.7692307692307693,
      "count": 13
    },
    "Q3": {
      "confusion_matrix": [
        [
          4,
          4
        ],
        [
          0,
          6
        ]
      ],
      "precision": 0.6,
      "recall": 1.0,
      "f1_score": 0.75,
      "accuracy": 0.7142857142857143,
      "count": 14
    },
    "Q4": {
      "confusion_matrix": [
        [
          2,
          7
        ],
        [
          0,
          4
        ]
      ],
      "precision": 0.36363636363636365,
      "recall": 1.0,
      "f1_score": 0.5333333333333333,
      "accuracy": 0.46153846153846156,
      "count": 13
    },
    "Q5 (Richest)": {
      "confusion_matrix": [
        [
          7,
          3
        ],
        [
          1,
          2
        ]
      ],
      "precision": 0.4,
      "recall": 0.6666666666666666,
      "f1_score": 0.5,
      "accuracy": 0.6923076923076923,
      "count": 13
    }
  }
}