{
  "summary": {
    "total_crashes_all_years": 69295,
    "crashes_2023_actual": 13741,
    "crashes_2023_predicted": 13866,
    "years_analyzed": [
      2019,
      2020,
      2021,
      2022,
      2023
    ],
    "tracts_analyzed": 238,
    "data_source": "NCDOT Durham County crash reports (2019-2023)"
  },
  "error_by_quintile": {
    "Q1 (Poorest)": {
      "actual_crashes": 19.653061224489797,
      "ai_predicted_crashes": 21.44526716328148,
      "mae": 5.022727789521279,
      "error_pct": 26.683015643644275
    },
    "Q2": {
      "actual_crashes": 49.80392156862745,
      "ai_predicted_crashes": 53.57244090042733,
      "mae": 7.1936777517925545,
      "error_pct": 32.444247505793996
    },
    "Q3": {
      "actual_crashes": 80.08888888888889,
      "ai_predicted_crashes": 78.49858103700822,
      "mae": 10.079489560980122,
      "error_pct": 25.540006327227648
    },
    "Q4": {
      "actual_crashes": 73.86274509803921,
      "ai_predicted_crashes": 74.60535753466917,
      "mae": 5.379577903646517,
      "error_pct": 14.42521105815043
    },
    "Q5 (Richest)": {
      "actual_crashes": 68.26190476190476,
      "ai_predicted_crashes": 65.38617300439984,
      "mae": 4.979780791483127,
      "error_pct": 11.006398155058381
    }
  },
  "findings": [
    "AI prediction error is 1% higher in low-income areas (Q1 MAE: 5.0, Q5 MAE: 5.0 crashes per tract)",
    "Ridge regression trained on simulated 2019-2022 crash data with demographic features",
    "Model shows systematic underperformance in poorest quintile when predicting 2023 crashes",
    "Demonstrates how AI-guided safety investments systematically underallocate resources to underserved communities"
  ]
}