{
  "_provenance": {
    "data_type": "mixed",
    "real": [
      "infrastructure scores (OpenStreetMap)"
    ],
    "simulated": [
      "potential demand",
      "actual demand",
      "AI detection models"
    ],
    "parameters": {
      "high_suppression_threshold": 70,
      "income_factor_slope": 0.5,
      "destination_factor_min": 0.8,
      "destination_factor_range": 0.4,
      "population_proxy_coeff": 0.05,
      "infrastructure_adjustment_coeff": 50,
      "detection_threshold_multiplier": 1.5
    }
  },
  "summary": {
    "total_potential_demand": 44314,
    "total_actual_demand": 8450,
    "total_suppressed_demand": 35863,
    "suppression_rate": 80.9297113273232,
    "tracts_analyzed": 67,
    "high_suppression_tracts": 50,
    "naive_ai_correlation": 0.2438977182666125,
    "sophisticated_ai_correlation": 0.8192433341776936
  },
  "high_suppression_threshold": 70,
  "by_quintile": {
    "Q1 (Poorest)": {
      "potential_demand": 508.4803101413645,
      "actual_demand": 83.65080171828366,
      "suppressed_demand": 424.8295084230808,
      "suppression_pct": 82.68994350849414,
      "infrastructure_score": 0.4053160914373034
    },
    "Q2": {
      "potential_demand": 684.1919055927922,
      "actual_demand": 117.55651617870248,
      "suppressed_demand": 566.6353894140898,
      "suppression_pct": 79.8631032842579,
      "infrastructure_score": 0.42232808750722217
    },
    "Q3": {
      "potential_demand": 701.4158491213869,
      "actual_demand": 138.6891848731862,
      "suppressed_demand": 562.7266642482008,
      "suppression_pct": 79.7518579794812,
      "infrastructure_score": 0.418502298359904
    },
    "Q4": {
      "potential_demand": 750.2569480959572,
      "actual_demand": 154.3401917725284,
      "suppressed_demand": 595.9167563234288,
      "suppression_pct": 77.60762620746772,
      "infrastructure_score": 0.44890313141117394
    },
    "Q5 (Richest)": {
      "potential_demand": 673.5568053961617,
      "actual_demand": 138.73035497367047,
      "suppressed_demand": 534.8264504224913,
      "suppression_pct": 73.56078492655625,
      "infrastructure_score": 0.4770320432712523
    }
  },
  "findings": [
    "80.9% of potential active transportation demand is suppressed by poor infrastructure",
    "Q1 (poorest) areas have 82.7% suppression vs 73.6% in Q5",
    "Naive AI has only 0.24 correlation with potential demand (fails to detect suppressed demand)",
    "Sophisticated AI achieves 0.82 correlation but still undercounts by 43.9% in Q1",
    "AI tools measuring only observed demand miss suppressed demand\u2014low-income areas where poor infrastructure collapses actual trips toward zero"
  ]
}