{
  "Q1 (Poorest)": {
    "stage1_potential": 100.0,
    "stage2_destinations": 89.38549223105284,
    "stage3_would_use_if_safe": 69.07823834657924,
    "stage4_actually_use": 76.57654485700712,
    "total_suppression_pct": 23.42345514299288
  },
  "Q2": {
    "stage1_potential": 100.0,
    "stage2_destinations": 89.99786448032415,
    "stage3_would_use_if_safe": 69.99679672048622,
    "stage4_actually_use": 82.77675983969,
    "total_suppression_pct": 17.223240160309995
  },
  "Q3": {
    "stage1_potential": 100.0,
    "stage2_destinations": 89.99810958665645,
    "stage3_would_use_if_safe": 69.99716437998467,
    "stage4_actually_use": 82.17120059778698,
    "total_suppression_pct": 17.828799402213026
  },
  "Q4": {
    "stage1_potential": 100.0,
    "stage2_destinations": 89.99832560215606,
    "stage3_would_use_if_safe": 69.99748840323407,
    "stage4_actually_use": 81.6894076951226,
    "total_suppression_pct": 18.310592304877403
  },
  "Q5 (Richest)": {
    "stage1_potential": 100.0,
    "stage2_destinations": 89.99880331412172,
    "stage3_would_use_if_safe": 69.99820497118257,
    "stage4_actually_use": 79.34106995597848,
    "total_suppression_pct": 20.658930044021517
  },
  "overall": {
    "stage1_potential": 100.0,
    "stage2_destinations": 88.0,
    "stage3_would_use_if_safe": 65.0,
    "stage4_actually_use": 80.62923148474674,
    "total_suppression_pct": 19.370768515253257
  }
}