{
  "naive_ai": {
    "correlation_with_potential": -0.06393128080332292,
    "rmse": 629.000068574304,
    "bias_q1": -78.98872422916739,
    "bias_q5": -86.62483265420249,
    "detection_rate_high_suppression": 0.0
  },
  "sophisticated_ai": {
    "correlation_with_potential": 0.8276209147377542,
    "rmse": 340.41731276416806,
    "bias_q1": -39.881484052815345,
    "bias_q5": -40.546300209218785,
    "detection_rate_high_suppression": 100.0
  },
  "human_expert_baseline": {
    "correlation_with_potential": 0.85,
    "rmse": 60.0,
    "bias_q1": -5.0,
    "bias_q5": -5.0,
    "detection_rate_high_suppression": 80.0,
    "_note": "Hypothetical benchmark; not empirically measured."
  }
}