{
  "naive_ai": {
    "correlation_with_potential": 0.9636767237712583,
    "rmse": 119.51097349368129,
    "bias_q1": -23.42345514299287,
    "bias_q5": -20.658930044021524,
    "detection_rate_high_suppression": 0.0
  },
  "sophisticated_ai": {
    "correlation_with_potential": 0.9924559853791189,
    "rmse": 113.96835501764555,
    "bias_q1": 16.485831788495307,
    "bias_q5": 19.504598893528357,
    "detection_rate_high_suppression": 66.66666666666666
  },
  "human_expert_baseline": {
    "correlation_with_potential": 0.85,
    "rmse": 60.0,
    "bias_q1": -5.0,
    "bias_q5": -5.0,
    "detection_rate_high_suppression": 80.0
  }
}