{
  "naive_ai": {
    "correlation_with_potential": 0.2438977182666125,
    "rmse": 603.437508422264,
    "bias_q1": -83.54886117516968,
    "bias_q5": -79.40331775104339,
    "detection_rate_high_suppression": 0.0
  },
  "sophisticated_ai": {
    "correlation_with_potential": 0.8192433341776936,
    "rmse": 318.7696921441148,
    "bias_q1": -43.869710333150365,
    "bias_q5": -34.01398803240904,
    "detection_rate_high_suppression": 100.0
  },
  "human_expert_baseline": {
    "correlation_with_potential": 0.85,
    "rmse": 60.0,
    "bias_q1": -5.0,
    "bias_q5": -5.0,
    "detection_rate_high_suppression": 80.0,
    "_note": "Hypothetical benchmark; not empirically measured."
  }
}